CountryN,CountryC,FK,year,fertlity_rate
Aruba,ABW,533,1960,4.82
Afghanistan,AFG,4,1960,7.45
Angola,AGO,24,1960,6.708
Albania,ALB,8,1960,6.489
United Arab Emirates,ARE,784,1960,6.929
Argentina,ARG,32,1960,3.109
Armenia,ARM,51,1960,4.786
Antigua and Barbuda,ATG,28,1960,4.425
Australia,AUS,36,1960,3.453
Austria,AUT,40,1960,2.69
Azerbaijan,AZE,31,1960,5.878
Burundi,BDI,108,1960,6.944
Belgium,BEL,56,1960,2.54
Benin,BEN,204,1960,6.282
Burkina Faso,BFA,854,1960,6.291
Bangladesh,BGD,50,1960,6.725
Bulgaria,BGR,100,1960,2.31
Bahrain,BHR,48,1960,7.087
"Bahamas, The",BHS,44,1960,4.495
Bosnia and Herzegovina,BIH,70,1960,3.801
Belarus,BLR,112,1960,2.67
Belize,BLZ,84,1960,6.5
Bermuda,BMU,60,1960,
Bolivia,BOL,68,1960,6.358
Brazil,BRA,76,1960,6.061
Barbados,BRB,52,1960,4.333
Brunei Darussalam,BRN,96,1960,6.836
Bhutan,BTN,64,1960,6.635
Botswana,BWA,72,1960,6.615
Central African Republic,CAF,140,1960,5.84
Canada,CAN,124,1960,3.811
Switzerland,CHE,756,1960,2.44
Chile,CHL,152,1960,4.697
China,CHN,156,1960,5.756
Cote d'Ivoire,CIV,384,1960,7.691
Cameroon,CMR,120,1960,5.647
"Congo, Dem. Rep.",COD,180,1960,6.001
"Congo, Rep.",COG,178,1960,5.88
Colombia,COL,170,1960,6.735
Comoros,COM,174,1960,6.792
Cabo Verde,CPV,132,1960,6.885
Costa Rica,CRI,188,1960,6.712
Cuba,CUB,192,1960,4.192
Curacao,CUW,531,1960,
Cyprus,CYP,196,1960,3.5
Czech Republic,CZE,203,1960,2.09
Germany,DEU,276,1960,2.37
Djibouti,DJI,262,1960,6.461
Denmark,DNK,208,1960,2.57
Dominican Republic,DOM,214,1960,7.555
Algeria,DZA,12,1960,7.524
Ecuador,ECU,218,1960,6.721
"Egypt, Arab Rep.",EGY,818,1960,6.716
Eritrea,ERI,232,1960,6.899
Spain,ESP,724,1960,2.86
Estonia,EST,233,1960,1.98
Ethiopia,ETH,231,1960,6.88
Finland,FIN,246,1960,2.72
Fiji,FJI,242,1960,6.461
France,FRA,250,1960,2.85
Faroe Islands,FRO,234,1960,
"Micronesia, Fed. Sts.",FSM,583,1960,6.934
Gabon,GAB,266,1960,4.384
United Kingdom,GBR,826,1960,2.69
Georgia,GEO,268,1960,2.942
Ghana,GHA,288,1960,6.749
Guinea,GIN,324,1960,6.112
"Gambia, The",GMB,270,1960,6.246
Guinea-Bissau,GNB,624,1960,5.921
Equatorial Guinea,GNQ,226,1960,5.653
Greece,GRC,300,1960,2.23
Grenada,GRD,308,1960,6.743
Greenland,GRL,304,1960,
Guatemala,GTM,320,1960,6.896
Guam,GUM,316,1960,6.052
Guyana,GUY,328,1960,6.372
"Hong Kong SAR, China",HKG,344,1960,5.014
Honduras,HND,340,1960,7.458
Croatia,HRV,191,1960,2.288
Haiti,HTI,332,1960,6.324
Hungary,HUN,348,1960,2.02
Indonesia,IDN,360,1960,5.666
India,IND,356,1960,5.906
Ireland,IRL,372,1960,3.78
"Iran, Islamic Rep.",IRN,364,1960,6.927
Iraq,IRQ,368,1960,6.252
Iceland,ISL,352,1960,4.29
Israel,ISR,376,1960,3.866
Italy,ITA,380,1960,2.4
Jamaica,JAM,388,1960,5.419
Jordan,JOR,400,1960,7.687
Japan,JPN,392,1960,2.001
Kazakhstan,KAZ,398,1960,4.562
Kenya,KEN,404,1960,7.946
Kyrgyz Republic,KGZ,417,1960,5.469
Cambodia,KHM,116,1960,6.967
Kiribati,KIR,296,1960,6.788
"Korea, Rep.",KOR,410,1960,6.095
Kuwait,KWT,414,1960,7.244
Lao PDR,LAO,418,1960,5.961
Lebanon,LBN,422,1960,5.739
Liberia,LBR,430,1960,6.406
Libya,LBY,434,1960,7.202
St. Lucia,LCA,662,1960,6.967
Liechtenstein,LIE,438,1960,
Sri Lanka,LKA,144,1960,5.541
Lesotho,LSO,426,1960,5.839
Lithuania,LTU,440,1960,2.56
Luxembourg,LUX,442,1960,2.29
Latvia,LVA,428,1960,1.94
"Macao SAR, China",MAC,446,1960,4.772
St. Martin (French part),MAF,663,1960,
Morocco,MAR,504,1960,7.04
Moldova,MDA,498,1960,3.328
Madagascar,MDG,450,1960,7.3
Maldives,MDV,462,1960,7.021
Mexico,MEX,484,1960,6.769
North Macedonia,MKD,807,1960,3.842
Mali,MLI,466,1960,6.967
Malta,MLT,470,1960,3.62
Myanmar,MMR,104,1960,6.051
Montenegro,MNE,499,1960,3.603
Mongolia,MNG,496,1960,6.953
Mozambique,MOZ,508,1960,6.436
Mauritania,MRT,478,1960,6.775
Mauritius,MUS,480,1960,6.167
Malawi,MWI,454,1960,6.94
Malaysia,MYS,458,1960,6.45
New Caledonia,NCL,540,1960,6.278
Niger,NER,562,1960,7.454
Nigeria,NGA,566,1960,6.354
Nicaragua,NIC,558,1960,7.365
Netherlands,NLD,528,1960,3.12
Norway,NOR,578,1960,2.85
Nepal,NPL,524,1960,5.959
New Zealand,NZL,554,1960,4.03
Oman,OMN,512,1960,7.247
Pakistan,PAK,586,1960,6.6
Panama,PAN,591,1960,5.87
Peru,PER,604,1960,6.941
Philippines,PHL,608,1960,7.148
Papua New Guinea,PNG,598,1960,6.275
Poland,POL,616,1960,2.98
Puerto Rico,PRI,630,1960,4.657
"Korea, Dem. People's Rep.",PRK,408,1960,4.579
Portugal,PRT,620,1960,3.16
Paraguay,PRY,600,1960,6.5
West Bank and Gaza,PSE,275,1960,
French Polynesia,PYF,258,1960,5.658
Qatar,QAT,634,1960,6.971
Romania,ROU,642,1960,2.34
Russian Federation,RUS,643,1960,2.52
Rwanda,RWA,646,1960,8.187
Saudi Arabia,SAU,682,1960,7.216
Sudan,SDN,729,1960,6.691
Senegal,SEN,686,1960,6.996
Singapore,SGP,702,1960,5.76
Solomon Islands,SLB,90,1960,6.388
Sierra Leone,SLE,694,1960,6.127
El Salvador,SLV,222,1960,6.674
Somalia,SOM,706,1960,7.25
Serbia,SRB,688,1960,
South Sudan,SSD,728,1960,6.721
Sao Tome and Principe,STP,678,1960,6.242
Suriname,SUR,740,1960,6.608
Slovak Republic,SVK,703,1960,3.04
Slovenia,SVN,705,1960,2.341
Sweden,SWE,752,1960,2.17
Eswatini,SWZ,748,1960,6.752
Seychelles,SYC,690,1960,
Syrian Arab Republic,SYR,760,1960,7.467
Chad,TCD,148,1960,6.25
Togo,TGO,768,1960,6.521
Thailand,THA,764,1960,6.147
Tajikistan,TJK,762,1960,6.547
Turkmenistan,TKM,795,1960,6.59
Timor-Leste,TLS,626,1960,6.319
Tonga,TON,776,1960,7.363
Trinidad and Tobago,TTO,780,1960,5.264
Tunisia,TUN,788,1960,6.942
Turkiye,TUR,792,1960,6.366
Tanzania,TZA,834,1960,6.806
Uganda,UGA,800,1960,6.999
Ukraine,UKR,804,1960,2.24
Uruguay,URY,858,1960,2.88
United States,USA,840,1960,3.654
Uzbekistan,UZB,860,1960,6.255
St. Vincent and the Grenadines,VCT,670,1960,7.224
"Venezuela, RB",VEN,862,1960,6.358
Virgin Islands (U.S.),VIR,850,1960,5.615
Vietnam,VNM,704,1960,6.348
Vanuatu,VUT,548,1960,7.197
Samoa,WSM,882,1960,7.651
"Yemen, Rep.",YEM,887,1960,7.938
South Africa,ZAF,710,1960,6.041
Zambia,ZMB,894,1960,7.115
Zimbabwe,ZWE,716,1960,7.158
Aruba,ABW,533,1970,2.908
Afghanistan,AFG,4,1970,7.45
Angola,AGO,24,1970,7.434
Albania,ALB,8,1970,4.91
United Arab Emirates,ARE,784,1970,6.655
Argentina,ARG,32,1970,3.079
Armenia,ARM,51,1970,3.199
Antigua and Barbuda,ATG,28,1970,3.683
Australia,AUS,36,1970,2.859
Austria,AUT,40,1970,2.29
Azerbaijan,AZE,31,1970,5.018
Burundi,BDI,108,1970,7.249
Belgium,BEL,56,1970,2.25
Benin,BEN,204,1970,6.748
Burkina Faso,BFA,854,1970,6.623
Bangladesh,BGD,50,1970,6.947
Bulgaria,BGR,100,1970,2.17
Bahrain,BHR,48,1970,6.501
"Bahamas, The",BHS,44,1970,3.536
Bosnia and Herzegovina,BIH,70,1970,2.929
Belarus,BLR,112,1970,2.31
Belize,BLZ,84,1970,6.299
Bermuda,BMU,60,1970,
Bolivia,BOL,68,1970,6.004
Brazil,BRA,76,1970,4.972
Barbados,BRB,52,1970,3.113
Brunei Darussalam,BRN,96,1970,5.719
Bhutan,BTN,64,1970,6.601
Botswana,BWA,72,1970,6.645
Central African Republic,CAF,140,1970,5.958
Canada,CAN,124,1970,2.258
Switzerland,CHE,756,1970,2.1
Chile,CHL,152,1970,3.778
China,CHN,156,1970,5.725
Cote d'Ivoire,CIV,384,1970,7.936
Cameroon,CMR,120,1970,6.203
"Congo, Dem. Rep.",COD,180,1970,6.215
"Congo, Rep.",COG,178,1970,6.267
Colombia,COL,170,1970,5.276
Comoros,COM,174,1970,7.061
Cabo Verde,CPV,132,1970,6.935
Costa Rica,CRI,188,1970,4.595
Cuba,CUB,192,1970,3.935
Curacao,CUW,531,1970,
Cyprus,CYP,196,1970,2.61
Czech Republic,CZE,203,1970,1.92
Germany,DEU,276,1970,2.03
Djibouti,DJI,262,1970,6.804
Denmark,DNK,208,1970,1.95
Dominican Republic,DOM,214,1970,6.182
Algeria,DZA,12,1970,7.643
Ecuador,ECU,218,1970,6.138
"Egypt, Arab Rep.",EGY,818,1970,6.233
Eritrea,ERI,232,1970,6.65
Spain,ESP,724,1970,2.84
Estonia,EST,233,1970,2.17
Ethiopia,ETH,231,1970,6.978
Finland,FIN,246,1970,1.83
Fiji,FJI,242,1970,4.543
France,FRA,250,1970,2.55
Faroe Islands,FRO,234,1970,3.4
"Micronesia, Fed. Sts.",FSM,583,1970,6.938
Gabon,GAB,266,1970,5.081
United Kingdom,GBR,826,1970,2.44
Georgia,GEO,268,1970,2.707
Ghana,GHA,288,1970,6.95
Guinea,GIN,324,1970,6.243
"Gambia, The",GMB,270,1970,6.185
Guinea-Bissau,GNB,624,1970,6.041
Equatorial Guinea,GNQ,226,1970,5.808
Greece,GRC,300,1970,2.4
Grenada,GRD,308,1970,4.604
Greenland,GRL,304,1970,
Guatemala,GTM,320,1970,6.642
Guam,GUM,316,1970,4.372
Guyana,GUY,328,1970,5.38
"Hong Kong SAR, China",HKG,344,1970,3.284
Honduras,HND,340,1970,7.27
Croatia,HRV,191,1970,1.979
Haiti,HTI,332,1970,5.762
Hungary,HUN,348,1970,1.98
Indonesia,IDN,360,1970,5.474
India,IND,356,1970,5.587
Ireland,IRL,372,1970,3.85
"Iran, Islamic Rep.",IRN,364,1970,6.44
Iraq,IRQ,368,1970,7.362
Iceland,ISL,352,1970,2.81
Israel,ISR,376,1970,3.778
Italy,ITA,380,1970,2.38
Jamaica,JAM,388,1970,5.477
Jordan,JOR,400,1970,7.926
Japan,JPN,392,1970,2.135
Kazakhstan,KAZ,398,1970,3.611
Kenya,KEN,404,1970,8.081
Kyrgyz Republic,KGZ,417,1970,5.177
Cambodia,KHM,116,1970,6.465
Kiribati,KIR,296,1970,5.457
"Korea, Rep.",KOR,410,1970,4.53
Kuwait,KWT,414,1970,7.169
Lao PDR,LAO,418,1970,5.974
Lebanon,LBN,422,1970,4.948
Liberia,LBR,430,1970,6.695
Libya,LBY,434,1970,8.132
St. Lucia,LCA,662,1970,6.101
Liechtenstein,LIE,438,1970,
Sri Lanka,LKA,144,1970,4.342
Lesotho,LSO,426,1970,5.808
Lithuania,LTU,440,1970,2.4
Luxembourg,LUX,442,1970,1.97
Latvia,LVA,428,1970,1.96
"Macao SAR, China",MAC,446,1970,2.167
St. Martin (French part),MAF,663,1970,
Morocco,MAR,504,1970,6.646
Moldova,MDA,498,1970,2.582
Madagascar,MDG,450,1970,7.27
Maldives,MDV,462,1970,7.227
Mexico,MEX,484,1970,6.611
North Macedonia,MKD,807,1970,3.158
Mali,MLI,466,1970,7.133
Malta,MLT,470,1970,2.03
Myanmar,MMR,104,1970,5.964
Montenegro,MNE,499,1970,2.737
Mongolia,MNG,496,1970,7.569
Mozambique,MOZ,508,1970,6.716
Mauritania,MRT,478,1970,6.784
Mauritius,MUS,480,1970,3.952
Malawi,MWI,454,1970,7.303
Malaysia,MYS,458,1970,5.014
New Caledonia,NCL,540,1970,4.3
Niger,NER,562,1970,7.567
Nigeria,NGA,566,1970,6.471
Nicaragua,NIC,558,1970,6.862
Netherlands,NLD,528,1970,2.57
Norway,NOR,578,1970,2.5
Nepal,NPL,524,1970,5.918
New Zealand,NZL,554,1970,3.158
Oman,OMN,512,1970,7.311
Pakistan,PAK,586,1970,6.601
Panama,PAN,591,1970,5.173
Peru,PER,604,1970,6.316
Philippines,PHL,608,1970,6.264
Papua New Guinea,PNG,598,1970,6.163
Poland,POL,616,1970,2.2
Puerto Rico,PRI,630,1970,3.146
"Korea, Dem. People's Rep.",PRK,408,1970,4.315
Portugal,PRT,620,1970,3.01
Paraguay,PRY,600,1970,5.739
West Bank and Gaza,PSE,275,1970,
French Polynesia,PYF,258,1970,5.057
Qatar,QAT,634,1970,6.91
Romania,ROU,642,1970,2.89
Russian Federation,RUS,643,1970,1.99
Rwanda,RWA,646,1970,8.231
Saudi Arabia,SAU,682,1970,7.28
Sudan,SDN,729,1970,6.888
Senegal,SEN,686,1970,7.262
Singapore,SGP,702,1970,3.07
Solomon Islands,SLB,90,1970,6.914
Sierra Leone,SLE,694,1970,6.496
El Salvador,SLV,222,1970,6.172
Somalia,SOM,706,1970,7.182
Serbia,SRB,688,1970,
South Sudan,SSD,728,1970,6.881
Sao Tome and Principe,STP,678,1970,6.468
Suriname,SUR,740,1970,5.653
Slovak Republic,SVK,703,1970,2.41
Slovenia,SVN,705,1970,2.231
Sweden,SWE,752,1970,1.92
Eswatini,SWZ,748,1970,6.871
Seychelles,SYC,690,1970,
Syrian Arab Republic,SYR,760,1970,7.572
Chad,TCD,148,1970,6.528
Togo,TGO,768,1970,7.084
Thailand,THA,764,1970,5.595
Tajikistan,TJK,762,1970,7.003
Turkmenistan,TKM,795,1970,6.404
Timor-Leste,TLS,626,1970,5.655
Tonga,TON,776,1970,5.941
Trinidad and Tobago,TTO,780,1970,3.554
Tunisia,TUN,788,1970,6.705
Turkiye,TUR,792,1970,5.619
Tanzania,TZA,834,1970,6.771
Uganda,UGA,800,1970,7.115
Ukraine,UKR,804,1970,2.09
Uruguay,URY,858,1970,2.902
United States,USA,840,1970,2.48
Uzbekistan,UZB,860,1970,6.326
St. Vincent and the Grenadines,VCT,670,1970,6.014
"Venezuela, RB",VEN,862,1970,5.321
Virgin Islands (U.S.),VIR,850,1970,5.167
Vietnam,VNM,704,1970,6.465
Vanuatu,VUT,548,1970,6.272
Samoa,WSM,882,1970,7.194
"Yemen, Rep.",YEM,887,1970,8.386
South Africa,ZAF,710,1970,5.669
Zambia,ZMB,894,1970,7.367
Zimbabwe,ZWE,716,1970,7.419
Aruba,ABW,533,1980,2.392
Afghanistan,AFG,4,1980,7.449
Angola,AGO,24,1980,7.459
Albania,ALB,8,1980,3.621
United Arab Emirates,ARE,784,1980,5.505
Argentina,ARG,32,1980,3.301
Armenia,ARM,51,1980,2.51
Antigua and Barbuda,ATG,28,1980,2.118
Australia,AUS,36,1980,1.891
Austria,AUT,40,1980,1.65
Azerbaijan,AZE,31,1980,3.497
Burundi,BDI,108,1980,7.395
Belgium,BEL,56,1980,1.68
Benin,BEN,204,1980,7.025
Burkina Faso,BFA,854,1980,7.127
Bangladesh,BGD,50,1980,6.359
Bulgaria,BGR,100,1980,2.05
Bahrain,BHR,48,1980,4.916
"Bahamas, The",BHS,44,1980,2.986
Bosnia and Herzegovina,BIH,70,1980,2.122
Belarus,BLR,112,1980,2.03
Belize,BLZ,84,1980,5.849
Bermuda,BMU,60,1980,
Bolivia,BOL,68,1980,5.474
Brazil,BRA,76,1980,4.037
Barbados,BRB,52,1980,2.004
Brunei Darussalam,BRN,96,1980,4.067
Bhutan,BTN,64,1980,6.511
Botswana,BWA,72,1980,6.214
Central African Republic,CAF,140,1980,5.897
Canada,CAN,124,1980,1.74
Switzerland,CHE,756,1980,1.55
Chile,CHL,152,1980,2.744
China,CHN,156,1980,2.613
Cote d'Ivoire,CIV,384,1980,7.59
Cameroon,CMR,120,1980,6.625
"Congo, Dem. Rep.",COD,180,1980,6.535
"Congo, Rep.",COG,178,1980,6.059
Colombia,COL,170,1980,3.856
Comoros,COM,174,1980,7.078
Cabo Verde,CPV,132,1980,6.375
Costa Rica,CRI,188,1980,3.581
Cuba,CUB,192,1980,1.896
Curacao,CUW,531,1980,
Cyprus,CYP,196,1980,2.354
Czech Republic,CZE,203,1980,2.08
Germany,DEU,276,1980,1.44
Djibouti,DJI,262,1980,6.554
Denmark,DNK,208,1980,1.55
Dominican Republic,DOM,214,1980,4.381
Algeria,DZA,12,1980,6.794
Ecuador,ECU,218,1980,4.73
"Egypt, Arab Rep.",EGY,818,1980,5.61
Eritrea,ERI,232,1980,6.668
Spain,ESP,724,1980,2.22
Estonia,EST,233,1980,2.02
Ethiopia,ETH,231,1980,7.316
Finland,FIN,246,1980,1.63
Fiji,FJI,242,1980,3.907
France,FRA,250,1980,1.85
Faroe Islands,FRO,234,1980,2.5
"Micronesia, Fed. Sts.",FSM,583,1980,6.223
Gabon,GAB,266,1980,5.684
United Kingdom,GBR,826,1980,1.9
Georgia,GEO,268,1980,2.314
Ghana,GHA,288,1980,6.539
Guinea,GIN,324,1980,6.529
"Gambia, The",GMB,270,1980,6.376
Guinea-Bissau,GNB,624,1980,6.487
Equatorial Guinea,GNQ,226,1980,5.835
Greece,GRC,300,1980,2.23
Grenada,GRD,308,1980,4.251
Greenland,GRL,304,1980,2.435
Guatemala,GTM,320,1980,6.342
Guam,GUM,316,1980,3.248
Guyana,GUY,328,1980,3.817
"Hong Kong SAR, China",HKG,344,1980,2.047
Honduras,HND,340,1980,6.313
Croatia,HRV,191,1980,1.888
Haiti,HTI,332,1980,6.058
Hungary,HUN,348,1980,1.91
Indonesia,IDN,360,1980,4.43
India,IND,356,1980,4.827
Ireland,IRL,372,1980,3.21
"Iran, Islamic Rep.",IRN,364,1980,6.482
Iraq,IRQ,368,1980,6.569
Iceland,ISL,352,1980,2.48
Israel,ISR,376,1980,3.242
Italy,ITA,380,1980,1.64
Jamaica,JAM,388,1980,3.733
Jordan,JOR,400,1980,7.262
Japan,JPN,392,1980,1.75
Kazakhstan,KAZ,398,1980,2.9
Kenya,KEN,404,1980,7.455
Kyrgyz Republic,KGZ,417,1980,4.367
Cambodia,KHM,116,1980,5.87
Kiribati,KIR,296,1980,5.07
"Korea, Rep.",KOR,410,1980,2.82
Kuwait,KWT,414,1980,5.316
Lao PDR,LAO,418,1980,6.277
Lebanon,LBN,422,1980,3.976
Liberia,LBR,430,1980,6.973
Libya,LBY,434,1980,7.219
St. Lucia,LCA,662,1980,4.703
Liechtenstein,LIE,438,1980,
Sri Lanka,LKA,144,1980,3.408
Lesotho,LSO,426,1980,5.577
Lithuania,LTU,440,1980,1.99
Luxembourg,LUX,442,1980,1.5
Latvia,LVA,428,1980,1.86
"Macao SAR, China",MAC,446,1980,1.709
St. Martin (French part),MAF,663,1980,
Morocco,MAR,504,1980,5.685
Moldova,MDA,498,1980,2.481
Madagascar,MDG,450,1980,6.725
Maldives,MDV,462,1980,7.081
Mexico,MEX,484,1980,4.823
North Macedonia,MKD,807,1980,2.486
Mali,MLI,466,1980,7.15
Malta,MLT,470,1980,1.99
Myanmar,MMR,104,1980,4.893
Montenegro,MNE,499,1980,2.243
Mongolia,MNG,496,1980,6.209
Mozambique,MOZ,508,1980,6.474
Mauritania,MRT,478,1980,6.443
Mauritius,MUS,480,1980,2.672
Malawi,MWI,454,1980,7.643
Malaysia,MYS,458,1980,4.068
New Caledonia,NCL,540,1980,3.424
Niger,NER,562,1980,7.844
Nigeria,NGA,566,1980,6.783
Nicaragua,NIC,558,1980,6.135
Netherlands,NLD,528,1980,1.6
Norway,NOR,578,1980,1.72
Nepal,NPL,524,1980,5.725
New Zealand,NZL,554,1980,2.03
Oman,OMN,512,1980,8.299
Pakistan,PAK,586,1980,6.534
Panama,PAN,591,1980,3.884
Peru,PER,604,1980,5.041
Philippines,PHL,608,1980,5.183
Papua New Guinea,PNG,598,1980,5.694
Poland,POL,616,1980,2.28
Puerto Rico,PRI,630,1980,2.607
"Korea, Dem. People's Rep.",PRK,408,1980,2.773
Portugal,PRT,620,1980,2.25
Paraguay,PRY,600,1980,5.174
West Bank and Gaza,PSE,275,1980,
French Polynesia,PYF,258,1980,3.989
Qatar,QAT,634,1980,5.806
Romania,ROU,642,1980,2.43
Russian Federation,RUS,643,1980,1.89
Rwanda,RWA,646,1980,8.461
Saudi Arabia,SAU,682,1980,7.206
Sudan,SDN,729,1980,6.802
Senegal,SEN,686,1980,7.292
Singapore,SGP,702,1980,1.82
Solomon Islands,SLB,90,1980,6.748
Sierra Leone,SLE,694,1980,6.69
El Salvador,SLV,222,1980,5.1
Somalia,SOM,706,1980,7.012
Serbia,SRB,688,1980,
South Sudan,SSD,728,1980,6.85
Sao Tome and Principe,STP,678,1980,6.386
Suriname,SUR,740,1980,3.895
Slovak Republic,SVK,703,1980,2.32
Slovenia,SVN,705,1980,2.064
Sweden,SWE,752,1980,1.68
Eswatini,SWZ,748,1980,6.721
Seychelles,SYC,690,1980,
Syrian Arab Republic,SYR,760,1980,7.094
Chad,TCD,148,1980,6.958
Togo,TGO,768,1980,7.216
Thailand,THA,764,1980,3.392
Tajikistan,TJK,762,1980,5.688
Turkmenistan,TKM,795,1980,5.17
Timor-Leste,TLS,626,1980,5.219
Tonga,TON,776,1980,5.553
Trinidad and Tobago,TTO,780,1980,3.284
Tunisia,TUN,788,1980,5.243
Turkiye,TUR,792,1980,4.405
Tanzania,TZA,834,1980,6.653
Uganda,UGA,800,1980,7.1
Ukraine,UKR,804,1980,1.95
Uruguay,URY,858,1980,2.726
United States,USA,840,1980,1.8395
Uzbekistan,UZB,860,1980,5.112
St. Vincent and the Grenadines,VCT,670,1980,3.985
"Venezuela, RB",VEN,862,1980,4.2
Virgin Islands (U.S.),VIR,850,1980,3.138
Vietnam,VNM,704,1980,5.046
Vanuatu,VUT,548,1980,5.575
Samoa,WSM,882,1980,6.203
"Yemen, Rep.",YEM,887,1980,8.71
South Africa,ZAF,710,1980,4.98
Zambia,ZMB,894,1980,7.087
Zimbabwe,ZWE,716,1980,6.865
Aruba,ABW,533,1990,2.249
Afghanistan,AFG,4,1990,7.466
Angola,AGO,24,1990,7.272
Albania,ALB,8,1990,2.978
United Arab Emirates,ARE,784,1990,4.454
Argentina,ARG,32,1990,2.997
Armenia,ARM,51,1990,2.544
Antigua and Barbuda,ATG,28,1990,2.067
Australia,AUS,36,1990,1.902
Austria,AUT,40,1990,1.46
Azerbaijan,AZE,31,1990,2.74
Burundi,BDI,108,1990,7.405
Belgium,BEL,56,1990,1.62
Benin,BEN,204,1990,6.744
Burkina Faso,BFA,854,1990,7.007
Bangladesh,BGD,50,1990,4.495
Bulgaria,BGR,100,1990,1.82
Bahrain,BHR,48,1990,3.732
"Bahamas, The",BHS,44,1990,2.64
Bosnia and Herzegovina,BIH,70,1990,1.772
Belarus,BLR,112,1990,1.913
Belize,BLZ,84,1990,4.508
Bermuda,BMU,60,1990,
Bolivia,BOL,68,1990,4.89
Brazil,BRA,76,1990,2.902
Barbados,BRB,52,1990,1.74
Brunei Darussalam,BRN,96,1990,3.29
Bhutan,BTN,64,1990,5.493
Botswana,BWA,72,1990,4.485
Central African Republic,CAF,140,1990,5.811
Canada,CAN,124,1990,1.83
Switzerland,CHE,756,1990,1.58
Chile,CHL,152,1990,2.579
China,CHN,156,1990,2.309
Cote d'Ivoire,CIV,384,1990,6.622
Cameroon,CMR,120,1990,6.436
"Congo, Dem. Rep.",COD,180,1990,6.746
"Congo, Rep.",COG,178,1990,5.119
Colombia,COL,170,1990,3.082
Comoros,COM,174,1990,6.412
Cabo Verde,CPV,132,1990,5.392
Costa Rica,CRI,188,1990,3.264
Cuba,CUB,192,1990,1.714
Curacao,CUW,531,1990,
Cyprus,CYP,196,1990,2.411
Czech Republic,CZE,203,1990,1.9
Germany,DEU,276,1990,1.45
Djibouti,DJI,262,1990,6.073
Denmark,DNK,208,1990,1.67
Dominican Republic,DOM,214,1990,3.411
Algeria,DZA,12,1990,4.726
Ecuador,ECU,218,1990,3.744
"Egypt, Arab Rep.",EGY,818,1990,4.58
Eritrea,ERI,232,1990,6.496
Spain,ESP,724,1990,1.36
Estonia,EST,233,1990,2.05
Ethiopia,ETH,231,1990,7.246
Finland,FIN,246,1990,1.78
Fiji,FJI,242,1990,3.398
France,FRA,250,1990,1.77
Faroe Islands,FRO,234,1990,2.8
"Micronesia, Fed. Sts.",FSM,583,1990,4.958
Gabon,GAB,266,1990,5.442
United Kingdom,GBR,826,1990,1.83
Georgia,GEO,268,1990,2.18
Ghana,GHA,288,1990,5.602
Guinea,GIN,324,1990,6.598
"Gambia, The",GMB,270,1990,6.096
Guinea-Bissau,GNB,624,1990,6.627
Equatorial Guinea,GNQ,226,1990,5.987
Greece,GRC,300,1990,1.39
Grenada,GRD,308,1990,3.842
Greenland,GRL,304,1990,2.444
Guatemala,GTM,320,1990,5.437
Guam,GUM,316,1990,3.013
Guyana,GUY,328,1990,3.069
"Hong Kong SAR, China",HKG,344,1990,1.272
Honduras,HND,340,1990,5.123
Croatia,HRV,191,1990,1.63
Haiti,HTI,332,1990,5.43
Hungary,HUN,348,1990,1.87
Indonesia,IDN,360,1990,3.122
India,IND,356,1990,4.045
Ireland,IRL,372,1990,2.11
"Iran, Islamic Rep.",IRN,364,1990,4.691
Iraq,IRQ,368,1990,5.882
Iceland,ISL,352,1990,2.3
Israel,ISR,376,1990,2.824
Italy,ITA,380,1990,1.33
Jamaica,JAM,388,1990,2.947
Jordan,JOR,400,1990,5.521
Japan,JPN,392,1990,1.54
Kazakhstan,KAZ,398,1990,2.72
Kenya,KEN,404,1990,6.066
Kyrgyz Republic,KGZ,417,1990,3.63
Cambodia,KHM,116,1990,5.601
Kiribati,KIR,296,1990,4.688
"Korea, Rep.",KOR,410,1990,1.57
Kuwait,KWT,414,1990,2.967
Lao PDR,LAO,418,1990,6.151
Lebanon,LBN,422,1990,3.372
Liberia,LBR,430,1990,6.499
Libya,LBY,434,1990,4.966
St. Lucia,LCA,662,1990,3.399
Liechtenstein,LIE,438,1990,
Sri Lanka,LKA,144,1990,2.483
Lesotho,LSO,426,1990,4.721
Lithuania,LTU,440,1990,2.03
Luxembourg,LUX,442,1990,1.6
Latvia,LVA,428,1990,2.02
"Macao SAR, China",MAC,446,1990,1.722
St. Martin (French part),MAF,663,1990,2.12
Morocco,MAR,504,1990,4.047
Moldova,MDA,498,1990,2.414
Madagascar,MDG,450,1990,6.179
Maldives,MDV,462,1990,6.003
Mexico,MEX,484,1990,3.47
North Macedonia,MKD,807,1990,2.206
Mali,MLI,466,1990,7.165
Malta,MLT,470,1990,2.02
Myanmar,MMR,104,1990,3.447
Montenegro,MNE,499,1990,2.078
Mongolia,MNG,496,1990,4.052
Mozambique,MOZ,508,1990,6.211
Mauritania,MRT,478,1990,5.881
Mauritius,MUS,480,1990,2.32
Malawi,MWI,454,1990,6.872
Malaysia,MYS,458,1990,3.554
New Caledonia,NCL,540,1990,3.18
Niger,NER,562,1990,7.772
Nigeria,NGA,566,1990,6.49
Nicaragua,NIC,558,1990,4.596
Netherlands,NLD,528,1990,1.62
Norway,NOR,578,1990,1.93
Nepal,NPL,524,1990,5.172
New Zealand,NZL,554,1990,2.18
Oman,OMN,512,1990,7.165
Pakistan,PAK,586,1990,6.164
Panama,PAN,591,1990,3.057
Peru,PER,604,1990,3.912
Philippines,PHL,608,1990,4.32
Papua New Guinea,PNG,598,1990,4.802
Poland,POL,616,1990,2.06
Puerto Rico,PRI,630,1990,2.219
"Korea, Dem. People's Rep.",PRK,408,1990,2.289
Portugal,PRT,620,1990,1.56
Paraguay,PRY,600,1990,4.547
West Bank and Gaza,PSE,275,1990,6.718
French Polynesia,PYF,258,1990,3.401
Qatar,QAT,634,1990,4.013
Romania,ROU,642,1990,1.83
Russian Federation,RUS,643,1990,1.892
Rwanda,RWA,646,1990,7.184
Saudi Arabia,SAU,682,1990,5.911
Sudan,SDN,729,1990,6.152
Senegal,SEN,686,1990,6.448
Singapore,SGP,702,1990,1.83
Solomon Islands,SLB,90,1990,5.851
Sierra Leone,SLE,694,1990,6.721
El Salvador,SLV,222,1990,3.964
Somalia,SOM,706,1990,7.398
Serbia,SRB,688,1990,
South Sudan,SSD,728,1990,6.761
Sao Tome and Principe,STP,678,1990,5.828
Suriname,SUR,740,1990,3.267
Slovak Republic,SVK,703,1990,2.09
Slovenia,SVN,705,1990,1.46
Sweden,SWE,752,1990,2.13
Eswatini,SWZ,748,1990,5.106
Seychelles,SYC,690,1990,
Syrian Arab Republic,SYR,760,1990,5.309
Chad,TCD,148,1990,7.313
Togo,TGO,768,1990,6.185
Thailand,THA,764,1990,2.113
Tajikistan,TJK,762,1990,5.225
Turkmenistan,TKM,795,1990,4.344
Timor-Leste,TLS,626,1990,5.478
Tonga,TON,776,1990,4.644
Trinidad and Tobago,TTO,780,1990,2.453
Tunisia,TUN,788,1990,3.476
Turkiye,TUR,792,1990,3.107
Tanzania,TZA,834,1990,6.213
Uganda,UGA,800,1990,7.091
Ukraine,UKR,804,1990,1.85
Uruguay,URY,858,1990,2.52
United States,USA,840,1990,2.081
Uzbekistan,UZB,860,1990,4.072
St. Vincent and the Grenadines,VCT,670,1990,2.956
"Venezuela, RB",VEN,862,1990,3.448
Virgin Islands (U.S.),VIR,850,1990,2.954
Vietnam,VNM,704,1990,3.553
Vanuatu,VUT,548,1990,4.926
Samoa,WSM,882,1990,5.118
"Yemen, Rep.",YEM,887,1990,8.606
South Africa,ZAF,710,1990,3.964
Zambia,ZMB,894,1990,6.442
Zimbabwe,ZWE,716,1990,4.862
Aruba,ABW,533,2000,1.872
Afghanistan,AFG,4,2000,7.485
Angola,AGO,24,2000,6.639
Albania,ALB,8,2000,2.157
United Arab Emirates,ARE,784,2000,2.644
Argentina,ARG,32,2000,2.542
Armenia,ARM,51,2000,1.648
Antigua and Barbuda,ATG,28,2000,2.2
Australia,AUS,36,2000,1.756
Austria,AUT,40,2000,1.36
Azerbaijan,AZE,31,2000,2
Burundi,BDI,108,2000,6.92
Belgium,BEL,56,2000,1.67
Benin,BEN,204,2000,5.962
Burkina Faso,BFA,854,2000,6.592
Bangladesh,BGD,50,2000,3.169
Bulgaria,BGR,100,2000,1.26
Bahrain,BHR,48,2000,2.795
"Bahamas, The",BHS,44,2000,2.073
Bosnia and Herzegovina,BIH,70,2000,1.497
Belarus,BLR,112,2000,1.317
Belize,BLZ,84,2000,3.601
Bermuda,BMU,60,2000,1.74
Bolivia,BOL,68,2000,4.051
Brazil,BRA,76,2000,2.3
Barbados,BRB,52,2000,1.775
Brunei Darussalam,BRN,96,2000,2.346
Bhutan,BTN,64,2000,3.515
Botswana,BWA,72,2000,3.304
Central African Republic,CAF,140,2000,5.5
Canada,CAN,124,2000,1.51
Switzerland,CHE,756,2000,1.5
Chile,CHL,152,2000,2.055
China,CHN,156,2000,1.596
Cote d'Ivoire,CIV,384,2000,5.87
Cameroon,CMR,120,2000,5.58
"Congo, Dem. Rep.",COD,180,2000,6.751
"Congo, Rep.",COG,178,2000,4.871
Colombia,COL,170,2000,2.572
Comoros,COM,174,2000,5.384
Cabo Verde,CPV,132,2000,3.539
Costa Rica,CRI,188,2000,2.363
Cuba,CUB,192,2000,1.603
Curacao,CUW,531,2000,
Cyprus,CYP,196,2000,1.716
Czech Republic,CZE,203,2000,1.15
Germany,DEU,276,2000,1.38
Djibouti,DJI,262,2000,4.484
Denmark,DNK,208,2000,1.77
Dominican Republic,DOM,214,2000,2.839
Algeria,DZA,12,2000,2.514
Ecuador,ECU,218,2000,3.102
"Egypt, Arab Rep.",EGY,818,2000,3.34
Eritrea,ERI,232,2000,5.321
Spain,ESP,724,2000,1.22
Estonia,EST,233,2000,1.36
Ethiopia,ETH,231,2000,6.543
Finland,FIN,246,2000,1.73
Fiji,FJI,242,2000,3.09
France,FRA,250,2000,1.89
Faroe Islands,FRO,234,2000,2.6
"Micronesia, Fed. Sts.",FSM,583,2000,4.3
Gabon,GAB,266,2000,4.533
United Kingdom,GBR,826,2000,1.64
Georgia,GEO,268,2000,1.608
Ghana,GHA,288,2000,4.826
Guinea,GIN,324,2000,6.082
"Gambia, The",GMB,270,2000,5.879
Guinea-Bissau,GNB,624,2000,5.82
Equatorial Guinea,GNQ,226,2000,5.834
Greece,GRC,300,2000,1.25
Grenada,GRD,308,2000,2.582
Greenland,GRL,304,2000,2.329
Guatemala,GTM,320,2000,4.598
Guam,GUM,316,2000,2.824
Guyana,GUY,328,2000,3.017
"Hong Kong SAR, China",HKG,344,2000,1.032
Honduras,HND,340,2000,4.237
Croatia,HRV,191,2000,1.39
Haiti,HTI,332,2000,4.344
Hungary,HUN,348,2000,1.32
Indonesia,IDN,360,2000,2.512
India,IND,356,2000,3.311
Ireland,IRL,372,2000,1.89
"Iran, Islamic Rep.",IRN,364,2000,2.067
Iraq,IRQ,368,2000,4.94
Iceland,ISL,352,2000,2.08
Israel,ISR,376,2000,2.95
Italy,ITA,380,2000,1.26
Jamaica,JAM,388,2000,2.577
Jordan,JOR,400,2000,4.109
Japan,JPN,392,2000,1.359
Kazakhstan,KAZ,398,2000,1.8
Kenya,KEN,404,2000,5.178
Kyrgyz Republic,KGZ,417,2000,2.4
Cambodia,KHM,116,2000,3.805
Kiribati,KIR,296,2000,4.058
"Korea, Rep.",KOR,410,2000,1.48
Kuwait,KWT,414,2000,2.845
Lao PDR,LAO,418,2000,4.311
Lebanon,LBN,422,2000,2.405
Liberia,LBR,430,2000,5.866
Libya,LBY,434,2000,2.851
St. Lucia,LCA,662,2000,2.202
Liechtenstein,LIE,438,2000,1.57
Sri Lanka,LKA,144,2000,2.24
Lesotho,LSO,426,2000,3.792
Lithuania,LTU,440,2000,1.39
Luxembourg,LUX,442,2000,1.76
Latvia,LVA,428,2000,1.25
"Macao SAR, China",MAC,446,2000,0.95
St. Martin (French part),MAF,663,2000,1.83
Morocco,MAR,504,2000,2.771
Moldova,MDA,498,2000,1.435
Madagascar,MDG,450,2000,5.551
Maldives,MDV,462,2000,2.771
Mexico,MEX,484,2000,2.716
North Macedonia,MKD,807,2000,1.723
Mali,MLI,466,2000,6.897
Malta,MLT,470,2000,1.68
Myanmar,MMR,104,2000,2.878
Montenegro,MNE,499,2000,1.875
Mongolia,MNG,496,2000,2.141
Mozambique,MOZ,508,2000,5.826
Mauritania,MRT,478,2000,5.413
Mauritius,MUS,480,2000,1.99
Malawi,MWI,454,2000,6.098
Malaysia,MYS,458,2000,2.784
New Caledonia,NCL,540,2000,2.59
Niger,NER,562,2000,7.679
Nigeria,NGA,566,2000,6.106
Nicaragua,NIC,558,2000,3.111
Netherlands,NLD,528,2000,1.72
Norway,NOR,578,2000,1.85
Nepal,NPL,524,2000,3.955
New Zealand,NZL,554,2000,1.98
Oman,OMN,512,2000,3.716
Pakistan,PAK,586,2000,5.037
Panama,PAN,591,2000,2.744
Peru,PER,604,2000,2.845
Philippines,PHL,608,2000,3.811
Papua New Guinea,PNG,598,2000,4.525
Poland,POL,616,2000,1.37
Puerto Rico,PRI,630,2000,2.0485
"Korea, Dem. People's Rep.",PRK,408,2000,1.991
Portugal,PRT,620,2000,1.55
Paraguay,PRY,600,2000,3.553
West Bank and Gaza,PSE,275,2000,5.383
French Polynesia,PYF,258,2000,2.463
Qatar,QAT,634,2000,3.236
Romania,ROU,642,2000,1.31
Russian Federation,RUS,643,2000,1.195
Rwanda,RWA,646,2000,5.64
Saudi Arabia,SAU,682,2000,3.971
Sudan,SDN,729,2000,5.471
Senegal,SEN,686,2000,5.448
Singapore,SGP,702,2000,1.6
Solomon Islands,SLB,90,2000,4.719
Sierra Leone,SLE,694,2000,6.319
El Salvador,SLV,222,2000,3.022
Somalia,SOM,706,2000,7.627
Serbia,SRB,688,2000,1.48
South Sudan,SSD,728,2000,6.223
Sao Tome and Principe,STP,678,2000,5.176
Suriname,SUR,740,2000,2.895
Slovak Republic,SVK,703,2000,1.3
Slovenia,SVN,705,2000,1.26
Sweden,SWE,752,2000,1.54
Eswatini,SWZ,748,2000,3.915
Seychelles,SYC,690,2000,2.08
Syrian Arab Republic,SYR,760,2000,4.076
Chad,TCD,148,2000,7.354
Togo,TGO,768,2000,5.419
Thailand,THA,764,2000,1.671
Tajikistan,TJK,762,2000,3.967
Turkmenistan,TKM,795,2000,2.824
Timor-Leste,TLS,626,2000,6.113
Tonga,TON,776,2000,4.25
Trinidad and Tobago,TTO,780,2000,1.753
Tunisia,TUN,788,2000,2.142
Turkiye,TUR,792,2000,2.503
Tanzania,TZA,834,2000,5.689
Uganda,UGA,800,2000,6.866
Ukraine,UKR,804,2000,1.116
Uruguay,URY,858,2000,2.237
United States,USA,840,2000,2.056
Uzbekistan,UZB,860,2000,2.58
St. Vincent and the Grenadines,VCT,670,2000,2.379
"Venezuela, RB",VEN,862,2000,2.822
Virgin Islands (U.S.),VIR,850,2000,2.06
Vietnam,VNM,704,2000,2.01
Vanuatu,VUT,548,2000,4.492
Samoa,WSM,882,2000,4.503
"Yemen, Rep.",YEM,887,2000,6.313
South Africa,ZAF,710,2000,2.694
Zambia,ZMB,894,2000,6.036
Zimbabwe,ZWE,716,2000,3.748
Aruba,ABW,533,2000,1.768
Afghanistan,AFG,4,2000,5.977
Angola,AGO,24,2000,6.194
Albania,ALB,8,2000,1.66
United Arab Emirates,ARE,784,2000,1.819
Argentina,ARG,32,2000,2.346
Armenia,ARM,51,2000,1.722
Antigua and Barbuda,ATG,28,2000,1.988
Australia,AUS,36,2000,1.928
Austria,AUT,40,2010,1.44
Azerbaijan,AZE,31,2010,1.92
Burundi,BDI,108,2010,6.179
Belgium,BEL,56,2010,1.86
Benin,BEN,204,2010,5.362
Burkina Faso,BFA,854,2010,5.867
Bangladesh,BGD,50,2010,2.324
Bulgaria,BGR,100,2010,1.57
Bahrain,BHR,48,2010,2.164
"Bahamas, The",BHS,44,2010,1.865
Bosnia and Herzegovina,BIH,70,2010,1.315
Belarus,BLR,112,2010,1.494
Belize,BLZ,84,2010,2.69
Bermuda,BMU,60,2010,1.7
Bolivia,BOL,68,2010,3.213
Brazil,BRA,76,2010,1.796
Barbados,BRB,52,2010,1.687
Brunei Darussalam,BRN,96,2010,1.937
Bhutan,BTN,64,2010,2.301
Botswana,BWA,72,2010,3.022
Central African Republic,CAF,140,2010,5.215
Canada,CAN,124,2010,1.64
Switzerland,CHE,756,2010,1.52
Chile,CHL,152,2010,1.884
China,CHN,156,2010,1.627
Cote d'Ivoire,CIV,384,2010,5.088
Cameroon,CMR,120,2010,5.111
"Congo, Dem. Rep.",COD,180,2010,6.544
"Congo, Rep.",COG,178,2010,4.765
Colombia,COL,170,2010,1.992
Comoros,COM,174,2010,4.754
Cabo Verde,CPV,132,2010,2.581
Costa Rica,CRI,188,2010,1.885
Cuba,CUB,192,2010,1.647
Curacao,CUW,531,2010,2.2
Cyprus,CYP,196,2010,1.424
Czech Republic,CZE,203,2010,1.51
Germany,DEU,276,2010,1.39
Djibouti,DJI,262,2010,3.3
Denmark,DNK,208,2010,1.87
Dominican Republic,DOM,214,2010,2.503
Algeria,DZA,12,2010,2.86
Ecuador,ECU,218,2010,2.615
"Egypt, Arab Rep.",EGY,818,2010,3.233
Eritrea,ERI,232,2010,4.571
Spain,ESP,724,2010,1.37
Estonia,EST,233,2010,1.72
Ethiopia,ETH,231,2010,5.136
Finland,FIN,246,2010,1.87
Fiji,FJI,242,2010,2.752
France,FRA,250,2010,2.03
Faroe Islands,FRO,234,2010,2.5
"Micronesia, Fed. Sts.",FSM,583,2010,3.46
Gabon,GAB,266,2010,4.146
United Kingdom,GBR,826,2010,1.92
Georgia,GEO,268,2010,1.911
Ghana,GHA,288,2010,4.273
Guinea,GIN,324,2010,5.336
"Gambia, The",GMB,270,2010,5.583
Guinea-Bissau,GNB,624,2010,5.049
Equatorial Guinea,GNQ,226,2010,5.209
Greece,GRC,300,2010,1.48
Grenada,GRD,308,2010,2.24
Greenland,GRL,304,2010,2.195
Guatemala,GTM,320,2010,3.375
Guam,GUM,316,2010,2.488
Guyana,GUY,328,2010,2.655
"Hong Kong SAR, China",HKG,344,2010,1.127
Honduras,HND,340,2010,2.957
Croatia,HRV,191,2010,1.46
Haiti,HTI,332,2010,3.427
Hungary,HUN,348,2010,1.25
Indonesia,IDN,360,2010,2.483
India,IND,356,2010,2.581
Ireland,IRL,372,2010,2.05
"Iran, Islamic Rep.",IRN,364,2010,1.839
Iraq,IRQ,368,2010,4.343
Iceland,ISL,352,2010,2.2
Israel,ISR,376,2010,3.03
Italy,ITA,380,2010,1.46
Jamaica,JAM,388,2010,2.173
Jordan,JOR,400,2010,3.631
Japan,JPN,392,2010,1.39
Kazakhstan,KAZ,398,2010,2.59
Kenya,KEN,404,2010,4.369
Kyrgyz Republic,KGZ,417,2010,3.1
Cambodia,KHM,116,2010,2.875
Kiribati,KIR,296,2010,3.843
"Korea, Rep.",KOR,410,2010,1.226
Kuwait,KWT,414,2010,2.234
Lao PDR,LAO,418,2010,3.143
Lebanon,LBN,422,2010,1.966
Liberia,LBR,430,2010,4.971
Libya,LBY,434,2010,2.478
St. Lucia,LCA,662,2010,1.538
Liechtenstein,LIE,438,2010,1.4
Sri Lanka,LKA,144,2010,2.248
Lesotho,LSO,426,2010,3.302
Lithuania,LTU,440,2010,1.5
Luxembourg,LUX,442,2010,1.63
Latvia,LVA,428,2010,1.36
"Macao SAR, China",MAC,446,2010,1.093
St. Martin (French part),MAF,663,2010,1.82
Morocco,MAR,504,2010,2.567
Moldova,MDA,498,2010,1.275
Madagascar,MDG,450,2010,4.603
Maldives,MDV,462,2010,2.206
Mexico,MEX,484,2010,2.34
North Macedonia,MKD,807,2010,1.6
Mali,MLI,466,2010,6.547
Malta,MLT,470,2010,1.36
Myanmar,MMR,104,2010,2.359
Montenegro,MNE,499,2010,1.7
Mongolia,MNG,496,2010,2.637
Mozambique,MOZ,508,2010,5.392
Mauritania,MRT,478,2010,4.98
Mauritius,MUS,480,2010,1.57
Malawi,MWI,454,2010,5.332
Malaysia,MYS,458,2010,2.149
New Caledonia,NCL,540,2010,2.2
Niger,NER,562,2010,7.473
Nigeria,NGA,566,2010,5.839
Nicaragua,NIC,558,2010,2.601
Netherlands,NLD,528,2010,1.79
Norway,NOR,578,2010,1.95
Nepal,NPL,524,2010,2.542
New Zealand,NZL,554,2010,2.17
Oman,OMN,512,2010,2.873
Pakistan,PAK,586,2010,3.951
Panama,PAN,591,2010,2.622
Peru,PER,604,2010,2.546
Philippines,PHL,608,2010,3.18
Papua New Guinea,PNG,598,2010,3.985
Poland,POL,616,2010,1.41
Puerto Rico,PRI,630,2010,1.6235
"Korea, Dem. People's Rep.",PRK,408,2010,1.938
Portugal,PRT,620,2010,1.39
Paraguay,PRY,600,2010,2.73
West Bank and Gaza,PSE,275,2010,4.437
French Polynesia,PYF,258,2010,2.095
Qatar,QAT,634,2010,2.07
Romania,ROU,642,2010,1.59
Russian Federation,RUS,643,2010,1.567
Rwanda,RWA,646,2010,4.52
Saudi Arabia,SAU,682,2010,2.97
Sudan,SDN,729,2010,4.876
Senegal,SEN,686,2010,5.064
Singapore,SGP,702,2010,1.15
Solomon Islands,SLB,90,2010,4.403
Sierra Leone,SLE,694,2010,5.202
El Salvador,SLV,222,2010,2.265
Somalia,SOM,706,2010,6.865
Serbia,SRB,688,2010,1.4
South Sudan,SSD,728,2010,5.376
Sao Tome and Principe,STP,678,2010,4.727
Suriname,SUR,740,2010,2.61
Slovak Republic,SVK,703,2010,1.43
Slovenia,SVN,705,2010,1.57
Sweden,SWE,752,2010,1.98
Eswatini,SWZ,748,2010,3.342
Seychelles,SYC,690,2010,2.16
Syrian Arab Republic,SYR,760,2010,3.404
Chad,TCD,148,2010,6.592
Togo,TGO,768,2010,4.868
Thailand,THA,764,2010,1.542
Tajikistan,TJK,762,2010,3.599
Turkmenistan,TKM,795,2010,2.833
Timor-Leste,TLS,626,2010,4.805
Tonga,TON,776,2010,3.913
Trinidad and Tobago,TTO,780,2010,1.806
Tunisia,TUN,788,2010,2.14
Turkiye,TUR,792,2010,2.151
Tanzania,TZA,834,2010,5.427
Uganda,UGA,800,2010,6.111
Ukraine,UKR,804,2010,1.443
Uruguay,URY,858,2010,2.011
United States,USA,840,2010,1.931
Uzbekistan,UZB,860,2010,2.342
St. Vincent and the Grenadines,VCT,670,2010,2.07
"Venezuela, RB",VEN,862,2010,2.471
Virgin Islands (U.S.),VIR,850,2010,2.3
Vietnam,VNM,704,2010,1.938
Vanuatu,VUT,548,2010,4.1
Samoa,WSM,882,2010,4.338
"Yemen, Rep.",YEM,887,2010,4.674
South Africa,ZAF,710,2010,2.598
Zambia,ZMB,894,2010,5.415
Zimbabwe,ZWE,716,2010,4.034
Aruba,ABW,533,2020,1.901
Afghanistan,AFG,4,2020,4.176
Angola,AGO,24,2020,5.371
Albania,ALB,8,2020,1.58
United Arab Emirates,ARE,784,2020,1.369
Argentina,ARG,32,2020,2.233
Armenia,ARM,51,2020,1.76
Antigua and Barbuda,ATG,28,2020,1.978
Australia,AUS,36,2020,1.581
Austria,AUT,40,2020,1.44
Azerbaijan,AZE,31,2020,1.7
Burundi,BDI,108,2020,5.237
Belgium,BEL,56,2020,1.55
Benin,BEN,204,2020,4.7
Burkina Faso,BFA,854,2020,5.029
Bangladesh,BGD,50,2020,1.987
Bulgaria,BGR,100,2020,1.56
Bahrain,BHR,48,2020,1.942
"Bahamas, The",BHS,44,2020,1.733
Bosnia and Herzegovina,BIH,70,2020,1.243
Belarus,BLR,112,2020,1.382
Belize,BLZ,84,2020,2.246
Bermuda,BMU,60,2020,1.3
Bolivia,BOL,68,2020,2.651
Brazil,BRA,76,2020,1.706
Barbados,BRB,52,2020,1.628
Brunei Darussalam,BRN,96,2020,1.796
Bhutan,BTN,64,2020,1.931
Botswana,BWA,72,2020,2.796
Central African Republic,CAF,140,2020,4.568
Canada,CAN,124,2020,1.4
Switzerland,CHE,756,2020,1.46
Chile,CHL,152,2020,1.611
China,CHN,156,2020,1.7
Cote d'Ivoire,CIV,384,2020,4.536
Cameroon,CMR,120,2020,4.443
"Congo, Dem. Rep.",COD,180,2020,5.718
"Congo, Rep.",COG,178,2020,4.321
Colombia,COL,170,2020,1.771
Comoros,COM,174,2020,4.073
Cabo Verde,CPV,132,2020,2.213
Costa Rica,CRI,188,2020,1.721
Cuba,CUB,192,2020,1.59
Curacao,CUW,531,2020,1.6
Cyprus,CYP,196,2020,1.313
Czech Republic,CZE,203,2020,1.71
Germany,DEU,276,2020,1.53
Djibouti,DJI,262,2020,2.627
Denmark,DNK,208,2020,1.67
Dominican Republic,DOM,214,2020,2.299
Algeria,DZA,12,2020,2.942
Ecuador,ECU,218,2020,2.38
"Egypt, Arab Rep.",EGY,818,2020,3.236
Eritrea,ERI,232,2020,3.933
Spain,ESP,724,2020,1.23
Estonia,EST,233,2020,1.58
Ethiopia,ETH,231,2020,4.049
Finland,FIN,246,2020,1.37
Fiji,FJI,242,2020,2.729
France,FRA,250,2020,1.83
Faroe Islands,FRO,234,2020,2.3
"Micronesia, Fed. Sts.",FSM,583,2020,2.968
Gabon,GAB,266,2020,3.869
United Kingdom,GBR,826,2020,1.56
Georgia,GEO,268,2020,2.046
Ghana,GHA,288,2020,3.765
Guinea,GIN,324,2020,4.552
"Gambia, The",GMB,270,2020,5.087
Guinea-Bissau,GNB,624,2020,4.331
Equatorial Guinea,GNQ,226,2020,4.346
Greece,GRC,300,2020,1.34
Grenada,GRD,308,2020,2.023
Greenland,GRL,304,2020,2.019
Guatemala,GTM,320,2020,2.777
Guam,GUM,316,2020,2.275
Guyana,GUY,328,2020,2.418
"Hong Kong SAR, China",HKG,344,2020,0.868
Honduras,HND,340,2020,2.394
Croatia,HRV,191,2020,1.48
Haiti,HTI,332,2020,2.842
Hungary,HUN,348,2020,1.56
Indonesia,IDN,360,2020,2.266
India,IND,356,2020,2.184
Ireland,IRL,372,2020,1.63
"Iran, Islamic Rep.",IRN,364,2020,2.142
Iraq,IRQ,368,2020,3.537
Iceland,ISL,352,2020,1.72
Israel,ISR,376,2020,2.9
Italy,ITA,380,2020,1.24
Jamaica,JAM,388,2020,1.95
Jordan,JOR,400,2020,2.639
Japan,JPN,392,2020,1.34
Kazakhstan,KAZ,398,2020,3.13
Kenya,KEN,404,2020,3.365
Kyrgyz Republic,KGZ,417,2020,3
Cambodia,KHM,116,2020,2.453
Kiribati,KIR,296,2020,3.493
"Korea, Rep.",KOR,410,2020,0.837
Kuwait,KWT,414,2020,2.068
Lao PDR,LAO,418,2020,2.583
Lebanon,LBN,422,2020,2.06
Liberia,LBR,430,2020,4.183
Libya,LBY,434,2020,2.175
St. Lucia,LCA,662,2020,1.411
Liechtenstein,LIE,438,2020,1.46
Sri Lanka,LKA,144,2020,2.174
Lesotho,LSO,426,2020,3.07
Lithuania,LTU,440,2020,1.48
Luxembourg,LUX,442,2020,1.37
Latvia,LVA,428,2020,1.55
"Macao SAR, China",MAC,446,2020,1.244
St. Martin (French part),MAF,663,2020,1.81
Morocco,MAR,504,2020,2.353
Moldova,MDA,498,2020,1.278
Madagascar,MDG,450,2020,3.976
Maldives,MDV,462,2020,1.815
Mexico,MEX,484,2020,2.079
North Macedonia,MKD,807,2020,1.3
Mali,MLI,466,2020,5.693
Malta,MLT,470,2020,1.13
Myanmar,MMR,104,2020,2.121
Montenegro,MNE,499,2020,1.75
Mongolia,MNG,496,2020,2.834
Mozambique,MOZ,508,2020,4.713
Mauritania,MRT,478,2020,4.449
Mauritius,MUS,480,2020,1.44
Malawi,MWI,454,2020,4.055
Malaysia,MYS,458,2020,1.965
New Caledonia,NCL,540,2020,1.923
Niger,NER,562,2020,6.735
Nigeria,NGA,566,2020,5.248
Nicaragua,NIC,558,2020,2.349
Netherlands,NLD,528,2020,1.55
Norway,NOR,578,2020,1.48
Nepal,NPL,524,2020,1.845
New Zealand,NZL,554,2020,1.61
Oman,OMN,512,2020,2.783
Pakistan,PAK,586,2020,3.394
Panama,PAN,591,2020,2.415
Peru,PER,604,2020,2.212
Philippines,PHL,608,2020,2.49
Papua New Guinea,PNG,598,2020,3.477
Poland,POL,616,2020,1.38
Puerto Rico,PRI,630,2020,0.9
"Korea, Dem. People's Rep.",PRK,408,2020,1.887
Portugal,PRT,620,2020,1.4
Paraguay,PRY,600,2020,2.383
West Bank and Gaza,PSE,275,2020,3.489
French Polynesia,PYF,258,2020,1.913
Qatar,QAT,634,2020,1.827
Romania,ROU,642,2020,1.6
Russian Federation,RUS,643,2020,1.505
Rwanda,RWA,646,2020,3.926
Saudi Arabia,SAU,682,2020,2.238
Sudan,SDN,729,2020,4.289
Senegal,SEN,686,2020,4.491
Singapore,SGP,702,2020,1.1
Solomon Islands,SLB,90,2020,4.309
Sierra Leone,SLE,694,2020,4.077
El Salvador,SLV,222,2020,2.002
Somalia,SOM,706,2020,5.885
Serbia,SRB,688,2020,1.48
South Sudan,SSD,728,2020,4.543
Sao Tome and Principe,STP,678,2020,4.214
Suriname,SUR,740,2020,2.371
Slovak Republic,SVK,703,2020,1.57
Slovenia,SVN,705,2020,1.6
Sweden,SWE,752,2020,1.66
Eswatini,SWZ,748,2020,2.919
Seychelles,SYC,690,2020,2.29
Syrian Arab Republic,SYR,760,2020,2.734
Chad,TCD,148,2020,5.553
Togo,TGO,768,2020,4.199
Thailand,THA,764,2020,1.501
Tajikistan,TJK,762,2020,3.52
Turkmenistan,TKM,795,2020,2.701
Timor-Leste,TLS,626,2020,3.853
Tonga,TON,776,2020,3.481
Trinidad and Tobago,TTO,780,2020,1.699
Tunisia,TUN,788,2020,2.151
Turkiye,TUR,792,2020,2.039
Tanzania,TZA,834,2020,4.773
Uganda,UGA,800,2020,4.703
Ukraine,UKR,804,2020,1.217
Uruguay,URY,858,2020,1.952
United States,USA,840,2020,1.6375
Uzbekistan,UZB,860,2020,2.9
St. Vincent and the Grenadines,VCT,670,2020,1.854
"Venezuela, RB",VEN,862,2020,2.23
Virgin Islands (U.S.),VIR,850,2020,2.03
Vietnam,VNM,704,2020,2.046
Vanuatu,VUT,548,2020,3.707
Samoa,WSM,882,2020,3.785
"Yemen, Rep.",YEM,887,2020,3.614
South Africa,ZAF,710,2020,2.358
Zambia,ZMB,894,2020,4.496
Zimbabwe,ZWE,716,2020,3.46
